{
  "version": 2,
  "builds": [
    {
      "src": "package.json",
      "use": "@vercel/static-build",
      "config": {
        "distDir": "dist"
      }
    }
  ],
  "routes": [
    {
      "handle": "filesystem"
    },
    {
      "src": "/(.*)",
      "dest": "/index.html"
    }
  ],
  "headers": [
    {
      "source": "/(.*)",
      "headers": [
        {
          "key": "X-Frame-Options",
          "value": "DENY"
        },
        {
          "key": "X-XSS-Protection",
          "value": "1; mode=block"
        },
        {
          "key": "X-Content-Type-Options",
          "value": "nosniff"
        },
        {
          "key": "Referrer-Policy",
          "value": "strict-origin-when-cross-origin"
        }
      ]
    },
    {
      "source": "/manifest.json",
      "headers": [
        {
          "key": "Content-Type",
          "value": "application/manifest+json"
        }
      ]
    },
    {
      "source": "/sw.js",
      "headers": [
        {
          "key": "Content-Type",
          "value": "application/javascript"
        },
        {
          "key": "Cache-Control",
          "value": "no-cache"
        }
      ]
    },
    {
      "source": "/(.*\\.(js|css|png|jpg|svg))",
      "headers": [
        {
          "key": "Cache-Control",
          "value": "public, max-age=31536000, immutable"
        }
      ]
    }
  ]
}